"route","method","source","models","roles","guards","permissionPolicy","usesModuleGuard","hasErrorHandling","statuses"
"/api/apikeys","GET","app/api/apikeys/route.js","ApiKey","","currentUser | isDirector","explicit-rbac","false","false","401 | 403"
"/api/apikeys","POST","app/api/apikeys/route.js","ApiKey | AuditLog","PM","currentUser | isDirector","explicit-rbac","false","false","400 | 401 | 403"
"/api/apikeys","PUT","app/api/apikeys/route.js","ApiKey | AuditLog","","currentUser | isDirector","explicit-rbac","false","false","401 | 403"
"/api/apikeys","DELETE","app/api/apikeys/route.js","ApiKey | AuditLog","","currentUser | isDirector","explicit-rbac","false","false","401 | 403"
"/api/approvals","GET","app/api/approvals/route.js","Approval","ACCOUNTANT | AM | PM | STAFF","currentUser | isDirector","explicit-rbac","false","true","401"
"/api/approvals/[id]/decide","POST","app/api/approvals/[id]/decide/route.js","Approval | AuditLog | CollaborationPresenceSession | Conversation | Lead | Leave | Message | Notification | Onboarding | Project | Quote | RealmChangeEvent | RealmGoldEntry | Rule | Setting | Task | TaskEvent | Ticket | Transaction | User | VendorBill | Webhook","ACCOUNTANT | AM | DIRECTOR | HR | PM | STAFF","currentUser | isDirector | isFreelancer","explicit-rbac","false","true","400 | 401 | 403 | 409 | 500 | 503"
"/api/audit","GET","app/api/audit/route.js","AuditLog","","currentUser | isDirector","explicit-rbac","false","false","401 | 403"
"/api/auth/[...nextauth]","GET","app/api/auth/[...nextauth]/route.js","","","","public-or-unverified","false","false",""
"/api/auth/[...nextauth]","POST","app/api/auth/[...nextauth]/route.js","","","","public-or-unverified","false","false",""
"/api/ceo/v1/capabilities","GET","app/api/ceo/v1/capabilities/route.js","ApiKey | CeoApiRateLimitBucket | Setting","DIRECTOR","","explicit-rbac","false","true","400 | 401 | 403 | 429 | 500 | 503"
"/api/ceo/v1/command-gateway","GET","app/api/ceo/v1/command-gateway/route.js","CeoCommandDelivery | CeoPortalSession","","currentUser | isDirector","explicit-rbac","false","true","400 | 401 | 403 | 503"
"/api/ceo/v1/command-gateway","POST","app/api/ceo/v1/command-gateway/route.js","AuditLog | CeoCommandDelivery | CeoEntityMembership | CeoEntityRegistry | CeoPortalSession | CeoRolloutState","DIRECTOR | HR","currentUser | isDirector","explicit-rbac","false","true","400 | 401 | 403 | 404 | 409 | 422 | 500 | 503"
"/api/ceo/v1/command-gateway/[id]/reconcile","POST","app/api/ceo/v1/command-gateway/[id]/reconcile/route.js","AuditLog | CeoCommandDelivery | CeoEntityMembership | CeoEntityRegistry | CeoPortalSession","DIRECTOR","currentUser | isDirector","explicit-rbac","false","true","400 | 401 | 403 | 404 | 409 | 422 | 503"
"/api/ceo/v1/commands","POST","app/api/ceo/v1/commands/route.js","ApiKey | Approval | AuditLog | CeoApiRateLimitBucket | CeoEntityCommandReceipt | CeoEntityDirectoryProfile | Notification | Project | RealmChangeEvent | Setting | Task | User","ACCOUNTANT | AM | DIRECTOR | HR | PM | STAFF","canWrite | isDirector","registry-rbac","false","true","400 | 401 | 403 | 409 | 422 | 429 | 500 | 503"
"/api/ceo/v1/commands/receipts","GET","app/api/ceo/v1/commands/receipts/route.js","ApiKey | CeoApiRateLimitBucket | CeoEntityCommandReceipt | Setting","DIRECTOR","isDirector","explicit-rbac","false","true","400 | 401 | 403 | 404 | 429 | 500 | 503"
"/api/ceo/v1/dashboard","GET","app/api/ceo/v1/dashboard/route.js","CeoEntityRegistry | CeoEntitySnapshotCache","","currentUser | isDirector","explicit-rbac","false","true","400 | 401 | 403 | 404 | 503"
"/api/ceo/v1/dashboard/refresh","POST","app/api/ceo/v1/dashboard/refresh/route.js","AuditLog | CeoEntityRegistry | CeoEntitySnapshotCache | CeoRolloutState","","currentUser | isDirector","explicit-rbac","false","true","400 | 401 | 403 | 404 | 409 | 500 | 503"
"/api/ceo/v1/directory","GET","app/api/ceo/v1/directory/route.js","ApiKey | CeoApiRateLimitBucket | CeoEntityDirectoryProfile | Setting","DIRECTOR","isDirector","explicit-rbac","false","true","400 | 401 | 403 | 429 | 500 | 503"
"/api/ceo/v1/directory/profile","GET","app/api/ceo/v1/directory/profile/route.js","CeoEntityDirectoryProfile | User","","currentUser | isFreelancer","authenticated-custom","false","true","401 | 403 | 404 | 500"
"/api/ceo/v1/directory/profile","PUT","app/api/ceo/v1/directory/profile/route.js","AuditLog | CeoEntityDirectoryProfile | User","","currentUser | isFreelancer","authenticated-custom","false","true","400 | 401 | 403 | 404"
"/api/ceo/v1/federation/policy","GET","app/api/ceo/v1/federation/policy/route.js","Setting","","currentUser | isDirector","explicit-rbac","false","true","400 | 401 | 403 | 503"
"/api/ceo/v1/federation/policy","PUT","app/api/ceo/v1/federation/policy/route.js","AuditLog | Setting","","currentUser | isDirector","explicit-rbac","false","true","400 | 401 | 403 | 409 | 503"
"/api/ceo/v1/federation/presence","GET","app/api/ceo/v1/federation/presence/route.js","ApiKey | CeoApiRateLimitBucket | CeoEntityDirectoryProfile | CollaborationPresenceSession | Setting","DIRECTOR","isDirector","explicit-rbac","false","true","400 | 401 | 403 | 429 | 500 | 503"
"/api/ceo/v1/federation/world","GET","app/api/ceo/v1/federation/world/route.js","AuditLog | CeoEntityMembership | CeoEntityRegistry | CeoPortalSession | CeoRolloutState","DIRECTOR","currentUser | isDirector","explicit-rbac","false","true","400 | 401 | 403 | 404 | 409 | 500 | 503"
"/api/ceo/v1/health","GET","app/api/ceo/v1/health/route.js","ApiKey | CeoApiRateLimitBucket | Setting","DIRECTOR","","explicit-rbac","false","true","400 | 401 | 403 | 429 | 500 | 503"
"/api/ceo/v1/identity/recover","POST","app/api/ceo/v1/identity/recover/route.js","AuditLog | CeoGlobalIdentity | CeoPortalSession | CeoRecoveryCode | User","ACCOUNTANT | AM | PM | STAFF","isDirector","explicit-rbac","false","true","400 | 401 | 403 | 503"
"/api/ceo/v1/identity/recovery","POST","app/api/ceo/v1/identity/recovery/route.js","AuditLog | CeoGlobalIdentity | CeoPortalSession | CeoRecoveryCode","","currentUser | isDirector","explicit-rbac","false","true","400 | 401 | 403 | 503"
"/api/ceo/v1/identity/session","GET","app/api/ceo/v1/identity/session/route.js","CeoEntityMembership | CeoGlobalIdentity | CeoPortalSession | CeoRecoveryCode","","currentUser | isDirector","explicit-rbac","false","true","400 | 401 | 403 | 503"
"/api/ceo/v1/identity/session","POST","app/api/ceo/v1/identity/session/route.js","AuditLog | CeoEntityMembership | CeoEntityRegistry | CeoGlobalIdentity | CeoPortalSession | User","DIRECTOR","currentUser | isDirector","explicit-rbac","false","true","400 | 401 | 403 | 503"
"/api/ceo/v1/identity/session/step-up","POST","app/api/ceo/v1/identity/session/step-up/route.js","AuditLog | CeoPortalSession | User","","currentUser | isDirector","explicit-rbac","false","true","400 | 401 | 403 | 409 | 503"
"/api/ceo/v1/identity/sessions/[id]/revoke","POST","app/api/ceo/v1/identity/sessions/[id]/revoke/route.js","AuditLog | CeoPortalSession","","currentUser | isDirector","explicit-rbac","false","true","400 | 401 | 403 | 404 | 503"
"/api/ceo/v1/messaging/conversations","GET","app/api/ceo/v1/messaging/conversations/route.js","AuditLog | CeoEntityMembership | CeoPortalSession | CeoUnifiedConversation | CeoUnifiedMessage","","currentUser | isDirector","explicit-rbac","false","true","400 | 401 | 403 | 503"
"/api/ceo/v1/messaging/conversations","POST","app/api/ceo/v1/messaging/conversations/route.js","AuditLog | CeoDirectoryProfileCache | CeoEntityMembership | CeoEntityRegistry | CeoPortalSession | CeoUnifiedConversation","DIRECTOR","currentUser | isDirector","explicit-rbac","false","true","400 | 401 | 403 | 422 | 503"
"/api/ceo/v1/messaging/conversations/[id]","GET","app/api/ceo/v1/messaging/conversations/[id]/route.js","AuditLog | CeoEntityMembership | CeoPortalSession | CeoUnifiedConversation | CeoUnifiedMessage","","currentUser | isDirector","explicit-rbac","false","true","400 | 401 | 403 | 404 | 500 | 503"
"/api/ceo/v1/messaging/conversations/[id]","PATCH","app/api/ceo/v1/messaging/conversations/[id]/route.js","AuditLog | CeoEntityMembership | CeoPortalSession | CeoUnifiedConversation | CeoUnifiedMessage","","currentUser | isDirector","explicit-rbac","false","true","400 | 401 | 403 | 404 | 503"
"/api/ceo/v1/messaging/conversations/[id]/messages","POST","app/api/ceo/v1/messaging/conversations/[id]/messages/route.js","AuditLog | CeoEntityMembership | CeoEntityRegistry | CeoPortalSession | CeoRolloutState | CeoUnifiedConversation | CeoUnifiedMessage","DIRECTOR","currentUser | isDirector","explicit-rbac","false","true","400 | 401 | 403 | 404 | 409 | 422 | 500 | 503"
"/api/ceo/v1/messaging/conversations/[id]/refresh","POST","app/api/ceo/v1/messaging/conversations/[id]/refresh/route.js","AuditLog | CeoEntityMembership | CeoEntityRegistry | CeoPortalSession | CeoRolloutState | CeoUnifiedConversation | CeoUnifiedMessage","DIRECTOR","currentUser | isDirector","explicit-rbac","false","true","400 | 401 | 403 | 404 | 409 | 422 | 500 | 503"
"/api/ceo/v1/messaging/deliver","POST","app/api/ceo/v1/messaging/deliver/route.js","ApiKey | AuditLog | CeoApiRateLimitBucket | CeoEntityConversationLink | CeoEntityDirectoryProfile | CeoEntityMessageReceipt | ConvMember | Conversation | Message | Notification | RealmChangeEvent | Setting | User","DIRECTOR","isDirector","explicit-rbac","false","true","400 | 401 | 403 | 409 | 422 | 429 | 500 | 503"
"/api/ceo/v1/messaging/directory","GET","app/api/ceo/v1/messaging/directory/route.js","CeoDirectoryProfileCache | CeoEntityMembership | CeoPortalSession","","currentUser | isDirector","explicit-rbac","false","true","400 | 401 | 403 | 503"
"/api/ceo/v1/messaging/directory","POST","app/api/ceo/v1/messaging/directory/route.js","AuditLog | CeoDirectoryProfileCache | CeoEntityMembership | CeoEntityRegistry | CeoPortalSession | CeoRolloutState","","currentUser | isDirector","explicit-rbac","false","true","400 | 401 | 403 | 404 | 409 | 500 | 503"
"/api/ceo/v1/messaging/export","GET","app/api/ceo/v1/messaging/export/route.js","AuditLog | CeoEntityMembership | CeoPortalSession | CeoUnifiedMessage","","currentUser | isDirector","explicit-rbac","false","true","400 | 401 | 403 | 503"
"/api/ceo/v1/messaging/feed","GET","app/api/ceo/v1/messaging/feed/route.js","ApiKey | CeoApiRateLimitBucket | CeoEntityConversationLink | ConvMember | Message | Setting | User","DIRECTOR","isDirector","explicit-rbac","false","true","400 | 401 | 403 | 404 | 429 | 500 | 503"
"/api/ceo/v1/messaging/messages/[id]/reconcile","POST","app/api/ceo/v1/messaging/messages/[id]/reconcile/route.js","AuditLog | CeoEntityMembership | CeoEntityRegistry | CeoPortalSession | CeoUnifiedMessage","DIRECTOR","currentUser | isDirector","explicit-rbac","false","true","400 | 401 | 403 | 404 | 409 | 422 | 500 | 503"
"/api/ceo/v1/messaging/receipts","GET","app/api/ceo/v1/messaging/receipts/route.js","ApiKey | CeoApiRateLimitBucket | CeoEntityMessageReceipt | Setting","DIRECTOR","isDirector","explicit-rbac","false","true","400 | 401 | 403 | 404 | 429 | 500 | 503"
"/api/ceo/v1/registry","GET","app/api/ceo/v1/registry/route.js","CeoEntityRegistry","","currentUser | isDirector","explicit-rbac","false","true","400 | 401 | 403 | 503"
"/api/ceo/v1/registry/[id]","PATCH","app/api/ceo/v1/registry/[id]/route.js","AuditLog | CeoEntityRegistry","","currentUser | isDirector","explicit-rbac","false","true","400 | 401 | 403 | 404 | 409 | 422 | 503"
"/api/ceo/v1/registry/[id]/rotate","POST","app/api/ceo/v1/registry/[id]/rotate/route.js","AuditLog | CeoEntityRegistry","","currentUser | isDirector","explicit-rbac","false","true","400 | 401 | 403 | 404 | 409 | 422 | 503"
"/api/ceo/v1/registry/[id]/service-credential","POST","app/api/ceo/v1/registry/[id]/service-credential/route.js","AuditLog | CeoEntityRegistry | CeoPortalSession","","currentUser | isDirector","explicit-rbac","false","true","400 | 401 | 403 | 404 | 409 | 422 | 503"
"/api/ceo/v1/rollout","GET","app/api/ceo/v1/rollout/route.js","CeoEntityRegistry | CeoRolloutEvidence | CeoRolloutReceipt | CeoRolloutState","","currentUser | isDirector","explicit-rbac","false","true","400 | 401 | 403 | 500 | 503"
"/api/ceo/v1/rollout/[entityId]/transition","POST","app/api/ceo/v1/rollout/[entityId]/transition/route.js","AuditLog | CeoEntityRegistry | CeoPortalSession | CeoRolloutEvidence | CeoRolloutReceipt | CeoRolloutState","","currentUser | isDirector","explicit-rbac","false","true","400 | 401 | 403 | 404 | 409 | 422 | 503"
"/api/ceo/v1/rollout/evidence","POST","app/api/ceo/v1/rollout/evidence/route.js","AuditLog | CeoPortalSession | CeoRolloutEvidence | CeoRolloutState","","currentUser | isDirector","explicit-rbac","false","true","400 | 401 | 403 | 409 | 503"
"/api/ceo/v1/security/control-plane","GET","app/api/ceo/v1/security/control-plane/route.js","ApiKey | CeoEntityRegistry | CeoGlobalIdentity | CeoPortalSession | User","","currentUser | isDirector","explicit-rbac","false","true","401 | 403 | 503"
"/api/ceo/v1/security/control-plane","POST","app/api/ceo/v1/security/control-plane/route.js","AuditLog | CeoGlobalIdentity | CeoPortalSession | CeoSsoAuthorizationCode","","currentUser | isDirector","explicit-rbac","false","true","400 | 401 | 403 | 409 | 503"
"/api/ceo/v1/security/rehearsal","GET","app/api/ceo/v1/security/rehearsal/route.js","","","currentUser | isDirector","explicit-rbac","false","false","401 | 403"
"/api/ceo/v1/security/rehearsal","POST","app/api/ceo/v1/security/rehearsal/route.js","CeoPortalSession","","currentUser | isDirector","explicit-rbac","false","true","400 | 401 | 403 | 503"
"/api/ceo/v1/security/service-credential","GET","app/api/ceo/v1/security/service-credential/route.js","ApiKey | CeoPortalSession | Setting","","currentUser | isDirector","explicit-rbac","false","true","400 | 401 | 403 | 503"
"/api/ceo/v1/security/service-credential","POST","app/api/ceo/v1/security/service-credential/route.js","ApiKey | AuditLog | CeoPortalSession | Setting","DIRECTOR","currentUser | isDirector","explicit-rbac","false","true","400 | 401 | 403 | 503"
"/api/ceo/v1/snapshot","GET","app/api/ceo/v1/snapshot/route.js","ApiKey | CeoApiRateLimitBucket | Client | Invoice | Lead | LiveSession | Project | Setting | Shipment | StockLot | Task | Ticket | Transaction | User | VendorBill","DIRECTOR","","explicit-rbac","false","true","400 | 401 | 403 | 429 | 500 | 503"
"/api/ceo/v1/sso/authorize","POST","app/api/ceo/v1/sso/authorize/route.js","AuditLog | CeoEntityMembership | CeoEntityRegistry | CeoPortalSession | CeoRolloutState | CeoSsoAuthorizationCode","DIRECTOR","currentUser | isDirector","explicit-rbac","false","true","400 | 401 | 403 | 500 | 503"
"/api/ceo/v1/sso/callback","GET","app/api/ceo/v1/sso/callback/route.js","AuditLog | User","ACCOUNTANT | AM | DIRECTOR | PM | STAFF","","explicit-rbac","false","true","400 | 401 | 403 | 503"
"/api/ceo/v1/sso/exchange","POST","app/api/ceo/v1/sso/exchange/route.js","AuditLog | CeoEntityMembership | CeoEntityRegistry | CeoSsoAuthorizationCode","DIRECTOR","","explicit-rbac","false","true","400 | 401 | 403 | 409 | 503"
"/api/chat","GET","app/api/chat/route.js","ConvMember | Conversation | Message | User","","currentUser | isFreelancer","authenticated-custom","false","false","401 | 403"
"/api/chat","POST","app/api/chat/route.js","ConvMember | Conversation | RealmChangeEvent","","currentUser | isFreelancer","authenticated-custom","false","true","400 | 401 | 403"
"/api/chat/[id]","GET","app/api/chat/[id]/route.js","ConvMember | Conversation | Message | RealmChangeEvent | User","","currentUser","authenticated-custom","false","true","401 | 403"
"/api/chat/[id]","POST","app/api/chat/[id]/route.js","ConvMember | Message | RealmChangeEvent","","currentUser","authenticated-custom","false","true","400 | 401 | 403"
"/api/collaboration/contact","GET","app/api/collaboration/contact/route.js","CollaborationContactRequest","","currentUser","authenticated-custom","false","true","401 | 429 | 500"
"/api/collaboration/contact","POST","app/api/collaboration/contact/route.js","CollaborationContactRequest | CollaborationPresenceSession | ConvMember | Conversation | Message | Notification | RealmChangeEvent | User","","currentUser","authenticated-custom","false","true","400 | 401 | 404 | 409 | 429 | 500"
"/api/collaboration/contact","PATCH","app/api/collaboration/contact/route.js","CollaborationContactRequest | Notification | RealmChangeEvent","","currentUser","authenticated-custom","false","true","400 | 401 | 404 | 429 | 500"
"/api/collaboration/presence","GET","app/api/collaboration/presence/route.js","CollaborationPresenceSession | User","","currentUser","authenticated-custom","false","true","401 | 429 | 500"
"/api/collaboration/presence","POST","app/api/collaboration/presence/route.js","CollaborationPresenceSession","","currentUser","authenticated-custom","false","true","400 | 401 | 409 | 429 | 500"
"/api/collaboration/presence","DELETE","app/api/collaboration/presence/route.js","CollaborationPresenceSession","","currentUser","authenticated-custom","false","true","400 | 401 | 429 | 500"
"/api/copilot","POST","app/api/copilot/route.js","AuditLog | Client | Invoice | Lead | Project | Setting | Task | Ticket | Transaction | User | VendorBill","ACCOUNTANT | AM | HR | PM | STAFF","currentUser | hasAny","explicit-rbac","false","true","400 | 401 | 429 | 500 | 503"
"/api/data/[resource]","GET","app/api/data/[resource]/route.js","Setting","","canRead | currentUser | isFreelancer","registry-rbac","true","true","401 | 403"
"/api/data/[resource]","POST","app/api/data/[resource]/route.js","Approval | AuditLog | Conversation | Lead | Leave | Message | Notification | Onboarding | Project | Quote | RealmChangeEvent | RealmGoldEntry | Rule | Setting | Task | TaskEvent | Team | Transaction | User | VendorBill | Webhook","ACCOUNTANT | AM | DIRECTOR | HR | LEAD | PM | STAFF","canWrite | currentUser | isDirector | isFreelancer","registry-rbac","true","true","400 | 401 | 403 | 409 | 500"
"/api/data/[resource]/[id]","PUT","app/api/data/[resource]/[id]/route.js","Approval | AuditLog | Conversation | Lead | Leave | Message | Notification | Onboarding | Project | Quote | RealmChangeEvent | RealmGoldEntry | Rule | Setting | Task | TaskEvent | Team | Transaction | User | VendorBill | Webhook","ACCOUNTANT | AM | DIRECTOR | HR | LEAD | PM | STAFF","canWrite | currentUser | isDirector | isFreelancer","registry-rbac","true","true","400 | 401 | 403 | 404 | 409 | 500"
"/api/data/[resource]/[id]","DELETE","app/api/data/[resource]/[id]/route.js","AuditLog | Conversation | Lead | Message | Notification | Onboarding | Project | RealmChangeEvent | Rule | Setting | Task | TaskEvent | User | Webhook","ACCOUNTANT | AM | DIRECTOR | HR | PM | STAFF","canDelete | currentUser | isDirector | isFreelancer","registry-rbac","true","true","400 | 401 | 403 | 404 | 500"
"/api/docs","GET","app/api/docs/route.js","CompanyDoc","","currentUser | isFreelancer","authenticated-custom","false","false","401 | 403"
"/api/docs","POST","app/api/docs/route.js","AuditLog | CompanyDoc","","currentUser | isFreelancer","authenticated-custom","false","true","400 | 401 | 403"
"/api/docs/[id]","GET","app/api/docs/[id]/route.js","CompanyDoc","","currentUser | isFreelancer","authenticated-custom","false","false","401 | 403 | 404"
"/api/docs/[id]","DELETE","app/api/docs/[id]/route.js","AuditLog | CompanyDoc","","currentUser | isDirector | isFreelancer","explicit-rbac","false","false","401 | 403 | 404"
"/api/email/send","POST","app/api/email/send/route.js","AuditLog | Invoice | Quote | Setting","ACCOUNTANT | AM","currentUser | hasAny","explicit-rbac","false","true","400 | 401 | 403 | 404"
"/api/errorlog","POST","app/api/errorlog/route.js","AuditLog","","currentUser","authenticated-custom","false","true","400 | 401 | 429 | 503"
"/api/execution/actions","POST","app/api/execution/actions/route.js","AuditLog | Conversation | Lead | Message | Notification | Onboarding | Project | RealmChangeEvent | Rule | Task | TaskEvent | User | Webhook","ACCOUNTANT | AM | DIRECTOR | HR | PM | STAFF","currentUser","explicit-rbac","false","true","400 | 500"
"/api/execution/my-work","GET","app/api/execution/my-work/route.js","Task | TimeLog | WorkEstimateRevision | WorkQueueState","","currentUser | isFreelancer","authenticated-custom","false","true","401 | 403 | 500"
"/api/execution/team-work","GET","app/api/execution/team-work/route.js","Task | TimeLog | User | WorkEstimateRevision | WorkQueueState","ACCOUNTANT | AM | HR | LEAD | PM | STAFF","currentUser | hasAny | isDirector | isFreelancer","explicit-rbac","false","true","401 | 403 | 500"
"/api/finance/intelligence","GET","app/api/finance/intelligence/route.js","Budget | Invoice | Project | RecurringExpense | TimeLog | Transaction | User | VendorBill","ACCOUNTANT","currentUser | hasAny | isFreelancer","explicit-rbac","false","true","401 | 403 | 500"
"/api/freelancer/home","GET","app/api/freelancer/home/route.js","Payout | Project | ProjectMember | Task | TimeLog | User","","currentUser","authenticated-custom","false","true","401 | 403"
"/api/freelancer/task/[id]","PUT","app/api/freelancer/task/[id]/route.js","AuditLog | Conversation | Lead | Message | Notification | Onboarding | Project | ProjectMember | RealmChangeEvent | Rule | Task | TaskEvent | User | Webhook","ACCOUNTANT | AM | DIRECTOR | HR | PM | STAFF","currentUser","explicit-rbac","false","true","400 | 401 | 403 | 500"
"/api/freelancer/timelog","GET","app/api/freelancer/timelog/route.js","ProjectMember | TimeLog | User","","currentUser","authenticated-custom","false","true","401 | 403"
"/api/freelancer/timelog","POST","app/api/freelancer/timelog/route.js","ProjectMember | TimeLog | User","","currentUser","authenticated-custom","false","true","400 | 401 | 403"
"/api/freelancer/timelog","DELETE","app/api/freelancer/timelog/route.js","ProjectMember | TimeLog | User","","currentUser","authenticated-custom","false","true","401 | 403"
"/api/hr/evidence-intelligence","GET","app/api/hr/evidence-intelligence/route.js","Attendance | Okr | Review | Task | TimeLog | User | WorkItemEvent","ACCOUNTANT | AM | HR | LEAD | PM | STAFF","currentUser | hasAny | isFreelancer","explicit-rbac","false","true","401 | 403 | 500"
"/api/ics","GET","app/api/ics/route.js","","","currentUser","authenticated-custom","false","false","401"
"/api/ics/[token]","GET","app/api/ics/[token]/route.js","Activity | Contract | Invoice | Leave | Milestone | Project | Task | User","ACCOUNTANT | AM | PM | STAFF","hasAny","explicit-rbac","false","true","404"
"/api/import","POST","app/api/import/route.js","AuditLog | Client | Invoice | Lead | Leave | Project | Quote | Service | Setting | Task | TimeLog | Transaction | User","STAFF","currentUser | isDirector","explicit-rbac","false","false","400 | 401 | 403"
"/api/import/bulk","POST","app/api/import/bulk/route.js","AuditLog | Setting","","canWrite | currentUser | isFreelancer","registry-rbac","true","true","400 | 401 | 403"
"/api/insights","GET","app/api/insights/route.js","","","currentUser | hasAny | isFreelancer","explicit-rbac","false","false","401 | 403"
"/api/invoices/[id]/pay","POST","app/api/invoices/[id]/pay/route.js","AuditLog | Invoice | Transaction","ACCOUNTANT","currentUser | hasAny","explicit-rbac","false","true","400 | 401 | 403 | 404"
"/api/invoices/from-hours","GET","app/api/invoices/from-hours/route.js","TimeLog","ACCOUNTANT | AM","currentUser | hasAny | isFreelancer","explicit-rbac","false","false","400 | 401 | 403"
"/api/invoices/from-hours","POST","app/api/invoices/from-hours/route.js","AuditLog | Invoice | Project | Setting | TimeLog","ACCOUNTANT | AM","currentUser | hasAny | isFreelancer","explicit-rbac","false","true","400 | 401 | 403 | 404"
"/api/leads/workload","GET","app/api/leads/workload/route.js","Activity | Lead | Setting | User","ACCOUNTANT | AM | PM | STAFF","currentUser | isDirector | isFreelancer","explicit-rbac","false","true","401 | 403 | 500"
"/api/livesessions/[id]/reconcile","POST","app/api/livesessions/[id]/reconcile/route.js","AuditLog | LiveSession | Payout","ACCOUNTANT | LEAD | PM","currentUser | hasAny | isFreelancer","explicit-rbac","false","false","401 | 403 | 404"
"/api/livesessions/[id]/settle","POST","app/api/livesessions/[id]/settle/route.js","AuditLog | LiveSession | Transaction","ACCOUNTANT | LEAD | PM","currentUser | hasAny | isFreelancer","explicit-rbac","false","false","400 | 401 | 403 | 404"
"/api/notifications","GET","app/api/notifications/route.js","Notification","","currentUser","authenticated-custom","false","false","401"
"/api/notifications","PUT","app/api/notifications/route.js","Notification | RealmChangeEvent","","currentUser","authenticated-custom","false","true","400 | 401"
"/api/payouts/[id]/pay","POST","app/api/payouts/[id]/pay/route.js","AuditLog | Payout | Transaction | User","ACCOUNTANT | HR | LEAD | PM","currentUser | hasAny | isFreelancer","explicit-rbac","false","false","400 | 401 | 403"
"/api/payroll","GET","app/api/payroll/route.js","Payroll","ACCOUNTANT | HR","currentUser | hasAny","explicit-rbac","false","true","401"
"/api/payroll","POST","app/api/payroll/route.js","Attendance | AuditLog | Payroll | Setting | User","ACCOUNTANT | HR","currentUser | hasAny","explicit-rbac","false","true","400 | 401 | 403"
"/api/payroll","PUT","app/api/payroll/route.js","Attendance | AuditLog | Payroll | Setting | User","ACCOUNTANT | HR","currentUser | hasAny","explicit-rbac","false","true","400 | 401 | 403 | 404"
"/api/payroll/[id]/finalize","POST","app/api/payroll/[id]/finalize/route.js","AuditLog | Payroll | Transaction","ACCOUNTANT | HR","currentUser | hasAny","explicit-rbac","false","true","400 | 401 | 403 | 404"
"/api/projects/[id]/execution-health","GET","app/api/projects/[id]/execution-health/route.js","Invoice | Milestone | Phase | Project | Task | TimeLog | User | VendorBill | WorkQueueState","ACCOUNTANT | LEAD | PM","currentUser | hasAny | isFreelancer","explicit-rbac","false","true","400 | 401 | 403 | 404 | 500"
"/api/projects/stats","GET","app/api/projects/stats/route.js","Invoice | Milestone | Phase | Project | Task | TimeLog | User | VendorBill | WorkQueueState","ACCOUNTANT | LEAD | PM","currentUser | hasAny | isFreelancer","explicit-rbac","false","true","401 | 403"
"/api/quotes/[id]/convert","POST","app/api/quotes/[id]/convert/route.js","AuditLog | Invoice | Project | Quote | Setting","ACCOUNTANT | AM | PM","currentUser | hasAny | isFreelancer","explicit-rbac","false","true","400 | 401 | 403 | 404"
"/api/realm-demo/actions","POST","app/api/realm-demo/actions/route.js","AuditLog | Conversation | Lead | Message | Notification | Onboarding | Project | RealmChangeEvent | Rule | Setting | Task | TaskEvent | User | Webhook","ACCOUNTANT | AM | DIRECTOR | HR | LEAD | PM | STAFF","currentUser | hasAny | isFreelancer","explicit-rbac","false","true","400 | 401 | 403 | 500 | 503"
"/api/realm-demo/changes","GET","app/api/realm-demo/changes/route.js","RealmChangeEvent","","currentUser | isFreelancer","authenticated-custom","false","true","400 | 401 | 403 | 500 | 503"
"/api/realm-demo/chronicle","GET","app/api/realm-demo/chronicle/route.js","Approval | Attendance | Leave | RealmGoldEntry | Setting | Task | Team | TimeLog | User","ACCOUNTANT | AM | DIRECTOR | HR | LEAD | PM | STAFF","currentUser | hasAny | isFreelancer","explicit-rbac","false","true","400 | 401 | 403 | 500 | 503"
"/api/realm-demo/command-center","GET","app/api/realm-demo/command-center/route.js","Approval | Setting | Task | TimeLog | User","ACCOUNTANT | AM | DIRECTOR | HR | LEAD | PM | STAFF","currentUser | hasAny | isDirector | isFreelancer","explicit-rbac","false","true","400 | 401 | 403 | 500 | 503"
"/api/realm-demo/command-center","POST","app/api/realm-demo/command-center/route.js","Approval | AuditLog | Notification | RealmChangeEvent | Setting | Task | Team | User","ACCOUNTANT | AM | DIRECTOR | HR | LEAD | PM | STAFF","currentUser | hasAny | isFreelancer","explicit-rbac","false","true","400 | 401 | 403 | 409 | 500 | 503"
"/api/realm-demo/economy","GET","app/api/realm-demo/economy/route.js","RealmGoldEntry | RealmQuestConfig | RealmRewardBudget | Setting","ACCOUNTANT | AM | DIRECTOR | HR | LEAD | PM | STAFF","currentUser | hasAny | isDirector | isFreelancer","explicit-rbac","false","true","400 | 401 | 403 | 500 | 503"
"/api/realm-demo/embassy","GET","app/api/realm-demo/embassy/route.js","Activity | Client | Lead | Setting | User","ACCOUNTANT | AM | DIRECTOR | HR | LEAD | PM | STAFF","canWrite | currentUser | hasAny | isDirector | isFreelancer","registry-rbac","false","true","400 | 401 | 403 | 500 | 503"
"/api/realm-demo/experience","GET","app/api/realm-demo/experience/route.js","CollaborationPresenceSession | Setting | Ticket | User","ACCOUNTANT | AM | PM | STAFF","currentUser | isDirector | isFreelancer","explicit-rbac","false","true","400 | 401 | 403 | 500"
"/api/realm-demo/experience","POST","app/api/realm-demo/experience/route.js","Setting | User","ACCOUNTANT | AM | PM | STAFF","currentUser | isFreelancer","explicit-rbac","false","true","400 | 401 | 403 | 500"
"/api/realm-demo/feedback","GET","app/api/realm-demo/feedback/route.js","Setting | Ticket | User","ACCOUNTANT | AM | HR | PM | STAFF","currentUser | hasAny | isFreelancer","explicit-rbac","false","true","400 | 401 | 403 | 500 | 503"
"/api/realm-demo/feedback","POST","app/api/realm-demo/feedback/route.js","AuditLog | Conversation | Lead | Message | Notification | Onboarding | Project | RealmChangeEvent | Rule | Setting | Task | TaskEvent | Ticket | User | Webhook","ACCOUNTANT | AM | DIRECTOR | HR | PM | STAFF","currentUser | hasAny | isFreelancer","explicit-rbac","false","true","400 | 401 | 403 | 409 | 500 | 503"
"/api/realm-demo/feedback","PATCH","app/api/realm-demo/feedback/route.js","AuditLog | Conversation | Lead | Message | Notification | Onboarding | Project | RealmChangeEvent | Rule | Setting | Task | TaskEvent | Ticket | User | Webhook","ACCOUNTANT | AM | DIRECTOR | HR | PM | STAFF","currentUser | hasAny | isFreelancer","explicit-rbac","false","true","400 | 401 | 403 | 404 | 409 | 500 | 503"
"/api/realm-demo/guild","GET","app/api/realm-demo/guild/route.js","RealmGoldEntry | Setting | Task | Team | User","ACCOUNTANT | AM | DIRECTOR | HR | LEAD | PM | STAFF","currentUser | hasAny | isDirector | isFreelancer","explicit-rbac","false","true","400 | 401 | 403 | 500 | 503"
"/api/realm-demo/health","GET","app/api/realm-demo/health/route.js","","","currentUser","authenticated-custom","false","true","400 | 401 | 500 | 503"
"/api/realm-demo/launch","POST","app/api/realm-demo/launch/route.js","CollaborationPresenceSession | Setting | Ticket | User","ACCOUNTANT | AM | PM | STAFF","currentUser | isDirector | isFreelancer","explicit-rbac","false","true","400 | 401 | 403 | 409 | 500 | 503"
"/api/realm-demo/launch/approvals","GET","app/api/realm-demo/launch/approvals/route.js","Approval","","currentUser | isDirector","explicit-rbac","false","true","400 | 401 | 403 | 409 | 500 | 503"
"/api/realm-demo/launch/approvals","POST","app/api/realm-demo/launch/approvals/route.js","Approval | AuditLog | CollaborationPresenceSession | Notification | RealmChangeEvent | Setting | Ticket | User","ACCOUNTANT | AM | DIRECTOR | PM | STAFF","currentUser | isDirector | isFreelancer","explicit-rbac","false","true","400 | 401 | 403 | 409 | 500 | 503"
"/api/realm-demo/operations","GET","app/api/realm-demo/operations/route.js","RealmGoldEntry | RealmProfile | Setting | Task | User","ACCOUNTANT | AM | DIRECTOR | HR | LEAD | PM | STAFF","currentUser | hasAny | isFreelancer","explicit-rbac","false","true","400 | 401 | 403 | 404 | 500 | 503"
"/api/realm-demo/operations","POST","app/api/realm-demo/operations/route.js","AuditLog | RealmChangeEvent | RealmGoldEntry | RealmProfile | Setting | Task | TaskEvent | User","ACCOUNTANT | AM | DIRECTOR | HR | LEAD | PM | STAFF","currentUser | hasAny | isFreelancer","explicit-rbac","false","true","400 | 401 | 403 | 404 | 409 | 500 | 503"
"/api/realm-demo/pilot","GET","app/api/realm-demo/pilot/route.js","CollaborationPresenceSession | Setting | User","ACCOUNTANT | AM | PM | STAFF","currentUser | isDirector | isFreelancer","explicit-rbac","false","true","400 | 401 | 500"
"/api/realm-demo/pilot","PUT","app/api/realm-demo/pilot/route.js","AuditLog | Setting | User","ACCOUNTANT | AM | PM | STAFF","currentUser | isFreelancer","explicit-rbac","false","true","400 | 401 | 403 | 500"
"/api/realm-demo/pilot","PATCH","app/api/realm-demo/pilot/route.js","AuditLog | CollaborationPresenceSession | Setting | Ticket | User","ACCOUNTANT | AM | PM | STAFF","currentUser | isDirector | isFreelancer","explicit-rbac","false","true","400 | 401 | 403 | 409 | 500 | 503"
"/api/realm-demo/pilot/operations","GET","app/api/realm-demo/pilot/operations/route.js","Approval | CollaborationPresenceSession | Setting | Ticket | User","ACCOUNTANT | AM | PM | STAFF","currentUser | isDirector | isFreelancer","explicit-rbac","false","true","400 | 401 | 403 | 500"
"/api/realm-demo/pilot/operations","POST","app/api/realm-demo/pilot/operations/route.js","Approval | AuditLog | CollaborationPresenceSession | Notification | RealmChangeEvent | Setting | Ticket | User","ACCOUNTANT | AM | DIRECTOR | PM | STAFF","currentUser | isDirector | isFreelancer","explicit-rbac","false","true","400 | 401 | 403 | 404 | 409 | 500"
"/api/realm-demo/pilot/rehearsal","GET","app/api/realm-demo/pilot/rehearsal/route.js","CollaborationPresenceSession | Setting | Ticket | User","ACCOUNTANT | AM | DIRECTOR | PM | STAFF","currentUser | isDirector | isFreelancer","explicit-rbac","false","true","400 | 401 | 403 | 500"
"/api/realm-demo/pilot/rehearsal","POST","app/api/realm-demo/pilot/rehearsal/route.js","AuditLog | CollaborationPresenceSession | Notification | RealmChangeEvent | Setting | Ticket | User","ACCOUNTANT | AM | DIRECTOR | PM | STAFF","currentUser | isDirector | isFreelancer","explicit-rbac","false","true","400 | 401 | 403 | 404 | 409 | 500"
"/api/realm-demo/readiness","GET","app/api/realm-demo/readiness/route.js","CollaborationPresenceSession | Setting | Ticket | User","ACCOUNTANT | AM | PM | STAFF","currentUser | isDirector | isFreelancer","explicit-rbac","false","true","400 | 401 | 403 | 500"
"/api/realm-demo/release-candidate","GET","app/api/realm-demo/release-candidate/route.js","Approval | CollaborationPresenceSession | Setting | Ticket | User","ACCOUNTANT | AM | PM | STAFF","currentUser | isDirector | isFreelancer","explicit-rbac","false","true","400 | 401 | 403 | 500"
"/api/realm-demo/rewards","GET","app/api/realm-demo/rewards/route.js","RealmGoldEntry | RealmRewardBudget | Setting | Task","ACCOUNTANT | AM | DIRECTOR | HR | LEAD | PM | STAFF","currentUser | hasAny | isDirector | isFreelancer","explicit-rbac","false","true","400 | 401 | 403 | 500 | 503"
"/api/realm-demo/rewards","POST","app/api/realm-demo/rewards/route.js","AuditLog | RealmChangeEvent | RealmGoldEntry | RealmQuestConfig | RealmRewardBudget | Setting | Task | TaskEvent","ACCOUNTANT | AM | DIRECTOR | HR | LEAD | PM | STAFF","currentUser | hasAny | isDirector | isFreelancer","explicit-rbac","false","true","400 | 401 | 403 | 404 | 409 | 500 | 503"
"/api/realm-demo/session","POST","app/api/realm-demo/session/route.js","AuditLog | User","ACCOUNTANT | AM | PM | STAFF","","explicit-rbac","false","true","403 | 404 | 503"
"/api/realm-demo/token","POST","app/api/realm-demo/token/route.js","","","currentUser","authenticated-custom","false","true","400 | 401 | 500 | 503"
"/api/realm-demo/treasury","GET","app/api/realm-demo/treasury/route.js","Approval | Budget | Invoice | Project | RealmGoldEntry | RecurringExpense | Setting | TimeLog | Transaction | User | VendorBill","ACCOUNTANT | AM | DIRECTOR | HR | PM | STAFF","currentUser | hasAny | isFreelancer","explicit-rbac","false","true","400 | 401 | 403 | 500 | 503"
"/api/realm-demo/treasury","POST","app/api/realm-demo/treasury/route.js","Approval | AuditLog | Budget | Invoice | Notification | Project | RealmChangeEvent | RealmGoldEntry | RecurringExpense | Setting | TimeLog | Transaction | User | VendorBill","ACCOUNTANT | AM | DIRECTOR | HR | PM | STAFF","currentUser | hasAny | isFreelancer","explicit-rbac","false","true","400 | 401 | 403 | 404 | 409 | 500 | 503"
"/api/realm-demo/war-room","GET","app/api/realm-demo/war-room/route.js","Milestone | Phase | Project | RealmGoldEntry | Setting | Task | TaskComment | Team | User","ACCOUNTANT | AM | DIRECTOR | HR | LEAD | PM | STAFF","canWrite | currentUser | hasAny | isDirector | isFreelancer","registry-rbac","false","true","400 | 401 | 403 | 404 | 500 | 503"
"/api/recurring/generate","POST","app/api/recurring/generate/route.js","AuditLog | RecurringExpense | Transaction","ACCOUNTANT","currentUser | hasAny | isFreelancer","explicit-rbac","false","false","401 | 403"
"/api/settings","GET","app/api/settings/route.js","Setting","","currentUser | isDirector","explicit-rbac","false","false","401"
"/api/settings","PUT","app/api/settings/route.js","AuditLog | Setting","","currentUser | isDirector","explicit-rbac","false","true","401 | 403"
"/api/shipments/[id]/pay","POST","app/api/shipments/[id]/pay/route.js","AuditLog | Shipment | Transaction","ACCOUNTANT | PM","currentUser | hasAny | isFreelancer","explicit-rbac","false","false","400 | 401 | 403 | 404"
"/api/stocklots/[id]/issue","POST","app/api/stocklots/[id]/issue/route.js","AuditLog | StockLot | StockMove","ACCOUNTANT | PM","currentUser | hasAny | isFreelancer","explicit-rbac","false","false","400 | 401 | 403 | 404"
"/api/users","POST","app/api/users/route.js","AuditLog | User","DIRECTOR | FREELANCER | HR | LEAD | PM | STAFF","currentUser | hasAny | isDirector","explicit-rbac","false","false","400 | 401 | 403"
"/api/users","PUT","app/api/users/route.js","AuditLog | User","HR | LEAD | PM","currentUser | hasAny | isDirector","explicit-rbac","false","false","400 | 401 | 403"
"/api/users/2fa","GET","app/api/users/2fa/route.js","User","","currentUser","authenticated-custom","false","false","401"
"/api/users/2fa","POST","app/api/users/2fa/route.js","AuditLog | User","","currentUser","authenticated-custom","false","false","400 | 401"
"/api/users/2fa","DELETE","app/api/users/2fa/route.js","AuditLog | User","","currentUser","authenticated-custom","false","false","400 | 401"
"/api/v1/[resource]","GET","app/api/v1/[resource]/route.js","","","apiUser | canRead","registry-rbac","false","false","401 | 403"
"/api/v1/[resource]","POST","app/api/v1/[resource]/route.js","Approval | AuditLog | Conversation | Lead | Leave | Message | Notification | Onboarding | Project | Quote | RealmChangeEvent | RealmGoldEntry | Rule | Setting | Task | TaskEvent | Team | Transaction | User | VendorBill | Webhook","ACCOUNTANT | AM | DIRECTOR | HR | LEAD | PM | STAFF","apiUser | canWrite | isDirector","registry-rbac","false","true","400 | 401 | 403 | 409 | 500"
"/api/v1/[resource]/[id]","GET","app/api/v1/[resource]/[id]/route.js","","","apiUser | canRead","registry-rbac","false","false","401 | 403 | 404"
"/api/v1/[resource]/[id]","PUT","app/api/v1/[resource]/[id]/route.js","Approval | AuditLog | Conversation | Lead | Leave | Message | Notification | Onboarding | Project | Quote | RealmChangeEvent | RealmGoldEntry | Rule | Setting | Task | TaskEvent | Team | Transaction | User | VendorBill | Webhook","ACCOUNTANT | AM | DIRECTOR | HR | LEAD | PM | STAFF","apiUser | canWrite | isDirector","registry-rbac","false","true","400 | 401 | 403 | 404 | 409 | 500"
"/api/v1/[resource]/[id]","DELETE","app/api/v1/[resource]/[id]/route.js","AuditLog | Conversation | Lead | Message | Notification | Onboarding | Project | RealmChangeEvent | Rule | Task | TaskEvent | User | Webhook","ACCOUNTANT | AM | DIRECTOR | HR | PM | STAFF","apiUser | canDelete","registry-rbac","false","true","400 | 401 | 403 | 404 | 500"
"/api/v1/summary","GET","app/api/v1/summary/route.js","Activity | AreaCode | Asset | Client | Contract | Invoice | Lead | LiveSession | Project | Setting | Shipment | StockLot | Task | Ticket | TimeLog | Transaction | User | VendorBill | Violation","ACCOUNTANT | AM | DIRECTOR | HR | LEAD | PM","apiUser","explicit-rbac","false","true","401 | 403"
"/api/vendorbills/[id]/pay","POST","app/api/vendorbills/[id]/pay/route.js","Approval | AuditLog | Conversation | Lead | Leave | Message | Notification | Onboarding | Project | Quote | RealmChangeEvent | RealmGoldEntry | Rule | Setting | Task | TaskEvent | Transaction | User | VendorBill | Webhook","ACCOUNTANT | AM | DIRECTOR | HR | PM | STAFF","currentUser | hasAny | isDirector","explicit-rbac","false","true","400 | 401 | 403 | 404 | 409 | 500"
