"route","source","dynamic","auth","inNavigation","navLabel","navSection","roles","module","resourceCandidates","apiCandidates","routeCandidates","mappingStatus"
"/","app/page.jsx","false","public","false","","","","","","","","unreviewed"
"/analytics","app/(app)/analytics/page.jsx","false","authenticated","true","Analytics (MRR/LTV)","Công ty","DIRECTOR | ACCOUNTANT | AM | PM","analytics","clients | csat | invoices | leads | nps | transactions","","","unreviewed"
"/approvals","app/(app)/approvals/page.jsx","false","authenticated","true","Phê duyệt","Tổng quan","DIRECTOR | PM | AM | ACCOUNTANT | HR | LEAD | STAFF","","","GET '/api/approvals' | POST `/api/approvals/${ap.id}/decide`","","unreviewed"
"/assets","app/(app)/assets/page.jsx","false","authenticated","true","Tài sản","Công ty","DIRECTOR | PM | AM | ACCOUNTANT | HR | LEAD | STAFF","","assets | users","","","unreviewed"
"/attendance","app/(app)/attendance/page.jsx","false","authenticated","true","Chấm công ngày","Nhân sự","DIRECTOR | PM | AM | ACCOUNTANT | HR | LEAD | STAFF","","attendance | holidays | users","GET '/api/settings'","","unreviewed"
"/audit","app/(app)/audit/page.jsx","false","authenticated","true","Nhật ký hệ thống","Công ty","DIRECTOR","","","GET '/api/audit'","","unreviewed"
"/automation","app/(app)/automation/page.jsx","false","authenticated","true","Tự động hóa","Công ty","DIRECTOR","","rules | users","","","unreviewed"
"/calendar","app/(app)/calendar/page.jsx","false","authenticated","true","Lịch làm việc","Tổng quan","DIRECTOR | PM | AM | ACCOUNTANT | HR | LEAD | STAFF","","activities | contracts | invoices | leaves | projects | tasks | users","GET '/api/ics'","","unreviewed"
"/ceo-commands","app/(app)/ceo-commands/page.jsx","false","authenticated","true","CEO · Điều phối liên công ty","Công ty","DIRECTOR","","","GET '/api/ceo/v1/registry' | GET '/api/ceo/v1/identity/session' | GET '/api/ceo/v1/command-gateway?limit=75' | POST '/api/ceo/v1/command-gateway' | POST `/api/ceo/v1/command-gateway/${encodeURIComponent(delivery.id)}/reconcile` | POST '/api/ceo/v1/sso/authorize'","body.destination","unreviewed"
"/ceo-inbox","app/(app)/ceo-inbox/page.jsx","false","authenticated","true","CEO · Hộp thư liên công ty","Công ty","DIRECTOR","","","GET '/api/ceo/v1/identity/session' | GET '/api/ceo/v1/messaging/directory' | GET '/api/ceo/v1/messaging/conversations' | GET `/api/ceo/v1/messaging/conversations/${encodeURIComponent(id)}` | POST '/api/ceo/v1/messaging/directory' | POST '/api/ceo/v1/messaging/conversations' | POST `/api/ceo/v1/messaging/conversations/${encodeURIComponent(thread.id)}/messages` | POST `/api/ceo/v1/messaging/conversations/${encodeURIComponent(thread.id)}/refresh` | POST `/api/ceo/v1/messaging/messages/${encodeURIComponent(message.id)}/reconcile`","","unreviewed"
"/ceo-overview","app/(app)/ceo-overview/page.jsx","false","authenticated","true","CEO · Tổng quan 4 công ty","Công ty","DIRECTOR","","","GET `/api/ceo/v1/dashboard?entity=${encodeURIComponent(entityId)}` | GET '/api/ceo/v1/identity/session' | POST '/api/ceo/v1/dashboard/refresh' | POST '/api/ceo/v1/sso/authorize'","body.destination","unreviewed"
"/ceo-registry","app/(app)/ceo-registry/page.jsx","false","authenticated","true","CEO · Danh bạ công ty","Công ty","DIRECTOR","","","GET '/api/ceo/v1/registry' | GET '/api/ceo/v1/identity/session' | PATCH `/api/ceo/v1/registry/${encodeURIComponent(entity.id)}` | POST `/api/ceo/v1/registry/${encodeURIComponent(rotating.id)}/rotate` | POST '/api/ceo/v1/identity/session' | POST '/api/ceo/v1/identity/session/step-up' | POST '/api/ceo/v1/identity/recovery' | POST `/api/ceo/v1/identity/sessions/${encodeURIComponent(sessionId)}/revoke` | POST '/api/ceo/v1/sso/authorize'","body.destination","unreviewed"
"/ceo-world","app/(app)/ceo-world/page.jsx","false","authenticated","true","CEO · Bản đồ 4 vương quốc","Công ty","DIRECTOR","","","GET `/api/ceo/v1/federation/world?entity=${encodeURIComponent(entityId)}` | POST '/api/ceo/v1/sso/authorize'","body.destination","unreviewed"
"/clients","app/(app)/clients/page.jsx","false","authenticated","true","Khách hàng","CRM — Bán hàng","DIRECTOR | PM | AM | ACCOUNTANT | HR | LEAD | STAFF","","clients","","","unreviewed"
"/clients/[id]","app/(app)/clients/[id]/page.jsx","true","authenticated","true","Khách hàng","CRM — Bán hàng","DIRECTOR | PM | AM | ACCOUNTANT | HR | LEAD | STAFF","","activities | clients | contacts | csat | invoices | nps | projects | quotes | tickets","","","unreviewed"
"/commissions","app/(app)/commissions/page.jsx","false","authenticated","true","Hoa hồng Sales","Tài chính","DIRECTOR | ACCOUNTANT | AM | PM","commissions","commissions | invoices | users","GET '/api/settings'","","unreviewed"
"/contracts","app/(app)/contracts/page.jsx","false","authenticated","true","Hợp đồng","Tài chính","DIRECTOR | ACCOUNTANT | AM | PM","procurement","contracts","GET '/api/settings'","","unreviewed"
"/copilot","app/(app)/copilot/page.jsx","false","authenticated","true","AI Copilot","Tổng quan","DIRECTOR | PM | AM | ACCOUNTANT | HR | LEAD | STAFF","","","POST '/api/copilot'","","unreviewed"
"/dashboard","app/(app)/dashboard/page.jsx","false","authenticated","true","Bảng điều khiển","Tổng quan","DIRECTOR | PM | AM | ACCOUNTANT | HR | LEAD | STAFF","","areacodes | clients | invoices | leads | livesessions | projects | shipments | tasks | tickets | timelogs | transactions | users | vendorbills | violations","GET '/api/insights'","","unreviewed"
"/finance","app/(app)/finance/page.jsx","false","authenticated","true","Thu / Chi","Tài chính","DIRECTOR | ACCOUNTANT","","projects | transactions","GET '/api/finance/intelligence'","","unreviewed"
"/financials","app/(app)/financials/page.jsx","false","authenticated","true","Báo cáo tài chính","Công ty","DIRECTOR | ACCOUNTANT","export","invoices | payouts | shipments | stocklots | transactions | vendorbills","","","unreviewed"
"/finplan","app/(app)/finplan/page.jsx","false","authenticated","true","Công nợ & Dự báo","Tài chính","DIRECTOR | ACCOUNTANT","","budgets | clients | invoices | payouts | recurringexpenses | shipments | transactions | users | vendorbills | vendors","POST '/api/recurring/generate'","","unreviewed"
"/freelancer","app/(app)/freelancer/page.jsx","false","authenticated","false","","","FREELANCER","","","GET '/api/freelancer/home' | PUT '/api/freelancer/task/' + t.id | PUT '/api/freelancer/task/' + t.id | POST '/api/freelancer/timelog'","","unreviewed"
"/freelancers","app/(app)/freelancers/page.jsx","false","authenticated","true","Freelancer","Nhân sự","DIRECTOR | HR | PM | LEAD","freelancers","payouts | projectmembers | projects | timelogs | users","POST `/api/payouts/${p.id}/pay` | method '/api/users'","","unreviewed"
"/fxreval","app/(app)/fxreval/page.jsx","false","authenticated","true","Đánh giá lại tỷ giá","Tài chính","DIRECTOR | ACCOUNTANT","export","invoices | shipments | transactions","","","unreviewed"
"/gantt","app/(app)/gantt/page.jsx","false","authenticated","true","Gantt tiến độ","Vận hành","DIRECTOR | PM | AM | ACCOUNTANT | HR | LEAD | STAFF","delivery","clients | milestones | projects | tasks","","","unreviewed"
"/growing","app/(app)/growing/page.jsx","false","authenticated","true","Vùng trồng / Đóng gói","Xuất nhập khẩu","DIRECTOR | PM | ACCOUNTANT | AM","export","areacodes | growingareas","","","unreviewed"
"/guide","app/(app)/guide/page.jsx","false","authenticated","true","Cẩm nang sử dụng","Tổng quan","DIRECTOR | PM | AM | ACCOUNTANT | HR | LEAD | STAFF","","","GET '/api/settings'","","unreviewed"
"/import","app/(app)/import/page.jsx","false","authenticated","true","Nhập / Xuất Excel","Công ty","DIRECTOR | ACCOUNTANT | AM | PM | HR | LEAD","","","POST '/api/import/bulk'","","unreviewed"
"/install","app/(app)/install/page.jsx","false","authenticated","true","Cài lên điện thoại","Tổng quan","DIRECTOR | PM | AM | ACCOUNTANT | HR | LEAD | STAFF","","","","","unreviewed"
"/inventory","app/(app)/inventory/page.jsx","false","authenticated","true","Kho hàng / Lô","Xuất nhập khẩu","DIRECTOR | PM | ACCOUNTANT | AM","inventory","growingareas | shipments | stocklots | stockmoves | vendors","POST `/api/stocklots/${lot.id}/issue`","","unreviewed"
"/invoices","app/(app)/invoices/page.jsx","false","authenticated","true","Hóa đơn","Tài chính","DIRECTOR | ACCOUNTANT | AM","","clients | invoices | projects | services","POST `/api/invoices/${inv.id}/pay` | GET `/api/invoices/from-hours?projectId=${projectId}` | POST '/api/invoices/from-hours'","","unreviewed"
"/leads","app/(app)/leads/page.jsx","false","authenticated","true","Khách tiềm năng","CRM — Bán hàng","DIRECTOR | AM","sales","clients | leads | users","GET '/api/settings' | GET '/api/leads/workload'","","unreviewed"
"/live","app/(app)/live/page.jsx","false","authenticated","true","Ca live","Livestream","DIRECTOR | LEAD | ACCOUNTANT | AM | PM","livestream","clients | livesessions | users","POST `/api/livesessions/${s.id}/settle` | POST `/api/livesessions/${recon.id}/reconcile`","","unreviewed"
"/login","app/login/page.jsx","false","public","false","","","","","","POST '/api/ceo/v1/identity/recover' | GET '/api/realm-demo/pilot'","'/ceo-registry' | destination","unreviewed"
"/markets","app/(app)/markets/page.jsx","false","authenticated","true","Tra cứu thị trường","Xuất nhập khẩu","DIRECTOR | PM | ACCOUNTANT | AM","export","shipments","","","unreviewed"
"/messages","app/(app)/messages/page.jsx","false","authenticated","true","Tin nhắn","Tổng quan","DIRECTOR | PM | AM | ACCOUNTANT | HR | LEAD | STAFF","","","POST '/api/chat' | GET '/api/chat' | GET `/api/chat/${id}` | GET '/api/ceo/v1/directory/profile' | GET url | POST `/api/chat/${sel}` | PUT '/api/ceo/v1/directory/profile' | PUT '/api/ceo/v1/directory/profile'","","unreviewed"
"/myday","app/(app)/myday/page.jsx","false","authenticated","true","Việc của tôi","Tổng quan","DIRECTOR | PM | AM | ACCOUNTANT | HR | LEAD | STAFF","","","GET '/api/execution/my-work' | GET '/api/approvals' | POST '/api/execution/actions' | POST '/api/execution/actions'","","unreviewed"
"/okr","app/(app)/okr/page.jsx","false","authenticated","true","KPI / OKR","Công ty","DIRECTOR | PM | AM | ACCOUNTANT | HR | LEAD | STAFF","","okrs | users","","","unreviewed"
"/payroll","app/(app)/payroll/page.jsx","false","authenticated","true","Bảng lương","Nhân sự","DIRECTOR | PM | AM | ACCOUNTANT | HR | LEAD | STAFF","","","GET '/api/payroll' | POST '/api/payroll' | PUT '/api/payroll' | PUT '/api/payroll' | POST `/api/payroll/${cur.id}/finalize`","","unreviewed"
"/portfolio","app/(app)/portfolio/page.jsx","false","authenticated","true","Sở chỉ huy DA","Vận hành","DIRECTOR | PM | LEAD | ACCOUNTANT","delivery","clients | projects | tasks | users","GET '/api/projects/stats'","","unreviewed"
"/projects","app/(app)/projects/page.jsx","false","authenticated","true","Dự án","Vận hành","DIRECTOR | PM | AM | ACCOUNTANT | HR | LEAD | STAFF","delivery","clients | projects | projecttemplates","GET '/api/projects/stats' | POST '/api/data/phases' | POST '/api/data/tasks' | POST '/api/data/milestones'","","unreviewed"
"/projects/[id]","app/(app)/projects/[id]/page.jsx","true","authenticated","true","Dự án","Vận hành","DIRECTOR | PM | AM | ACCOUNTANT | HR | LEAD | STAFF","delivery","milestones | phases | projects | tasks | users","GET `/api/projects/${encodeURIComponent(id)}/execution-health`","","unreviewed"
"/quotes","app/(app)/quotes/page.jsx","false","authenticated","true","Báo giá","CRM — Bán hàng","DIRECTOR | AM | PM | ACCOUNTANT","sales","clients | invoices | projects | quotes | services","POST `/api/quotes/${q.id}/convert`","","unreviewed"
"/realm","app/(app)/realm/page.jsx","false","authenticated","true","Văn phòng Realm","Realm — Trải nghiệm","DIRECTOR | PM | AM | ACCOUNTANT | HR | LEAD | STAFF","","","","","unreviewed"
"/realm-demo","app/realm-demo/page.jsx","false","public","false","","","","","","","","unreviewed"
"/recruitment","app/(app)/recruitment/page.jsx","false","authenticated","true","Tuyển dụng","Nhân sự","DIRECTOR | HR","recruitment","candidates | onboardings","","","unreviewed"
"/reports","app/(app)/reports/page.jsx","false","authenticated","true","Báo cáo","Công ty","DIRECTOR | ACCOUNTANT | PM","","clients | invoices | leads | projects | timelogs | transactions | users","GET '/api/settings' | GET '/api/insights'","","unreviewed"
"/resources","app/(app)/resources/page.jsx","false","authenticated","true","Nguồn lực","Vận hành","DIRECTOR | PM | HR | LEAD","delivery","leaves | projects | tasks | timelogs | users","","","unreviewed"
"/reviews","app/(app)/reviews/page.jsx","false","authenticated","true","Đánh giá hiệu suất","Nhân sự","DIRECTOR | PM | AM | ACCOUNTANT | HR | LEAD | STAFF","reviews","reviews | users","","","unreviewed"
"/services","app/(app)/services/page.jsx","false","authenticated","true","Bảng giá dịch vụ","CRM — Bán hàng","DIRECTOR | PM | AM | ACCOUNTANT | HR | LEAD | STAFF","services","services","","","unreviewed"
"/settings","app/(app)/settings/page.jsx","false","authenticated","true","Cài đặt","Công ty","DIRECTOR","","webhooks","GET '/api/apikeys' | POST '/api/apikeys' | PUT '/api/apikeys' | DELETE '/api/apikeys' | GET '/api/settings' | PUT '/api/settings' | POST '/api/import' | PUT '/api/settings' | POST '/api/email/send'","","unreviewed"
"/shipments","app/(app)/shipments/page.jsx","false","authenticated","true","Lô hàng xuất","Xuất nhập khẩu","DIRECTOR | PM | ACCOUNTANT | AM","export","areacodes | clients | growingareas | shipmentdocs | shipments | stocklots | stockmoves","POST `/api/shipments/${s.id}/pay`","","unreviewed"
"/staff","app/(app)/staff/page.jsx","false","authenticated","true","Hồ sơ & nhóm","Nhân sự","DIRECTOR | PM | AM | ACCOUNTANT | HR | LEAD | STAFF","","leaves | teams | users","GET '/api/settings' | method '/api/users'","","unreviewed"
"/staff/[id]","app/(app)/staff/[id]/page.jsx","true","authenticated","true","Hồ sơ & nhóm","Nhân sự","DIRECTOR | PM | AM | ACCOUNTANT | HR | LEAD | STAFF","","assets | attendance | leaves | okr | reviews | tasks | teams | timelogs | users","GET '/api/settings'","","unreviewed"
"/tasks","app/(app)/tasks/page.jsx","false","authenticated","true","Công việc","Vận hành","DIRECTOR | PM | AM | ACCOUNTANT | HR | LEAD | STAFF","tasks","phases | projects | taskcomments | taskevents | tasks | timelogs | users","","","unreviewed"
"/teamwork","app/(app)/teamwork/page.jsx","false","authenticated","true","Điều phối công việc","Vận hành","DIRECTOR | PM | LEAD","tasks","","GET '/api/execution/team-work' | POST '/api/execution/actions'","","unreviewed"
"/templates","app/(app)/templates/page.jsx","false","authenticated","true","Mẫu dự án","Vận hành","DIRECTOR | PM | LEAD","delivery","projecttemplates","","","unreviewed"
"/tickets","app/(app)/tickets/page.jsx","false","authenticated","true","Ticket hỗ trợ","CRM — Bán hàng","DIRECTOR | PM | AM | ACCOUNTANT | HR | LEAD | STAFF","support","clients | csat | tickets | users","","","unreviewed"
"/timesheet","app/(app)/timesheet/page.jsx","false","authenticated","true","Chấm công giờ","Vận hành","DIRECTOR | PM | AM | ACCOUNTANT | HR | LEAD | STAFF","delivery","projects | timelogs | users","","","unreviewed"
"/vendors","app/(app)/vendors/page.jsx","false","authenticated","true","Mua hàng / NCC","Tài chính","DIRECTOR | ACCOUNTANT | PM","procurement","projects | rfqs | vendorbills | vendors","POST `/api/vendorbills/${b.id}/pay`","","unreviewed"
"/violations","app/(app)/violations/page.jsx","false","authenticated","true","Điểm vi phạm","Livestream","DIRECTOR | LEAD | ACCOUNTANT | PM","livestream","violations","","","unreviewed"
